<?xml version="1.0"?>
<component>
  <table action="add" table_name="#__agmanager_payments_projection" storage_engine="" collation="utf8mb4_unicode_ci">
    <field field_name="id" field_type="INT" field_length="11" is_autoincrement="1" index="primary" description=""/>
    <field field_name="ordering" field_type="INT" field_length="11" index="index" description=""/>
    <field field_name="state" field_type="TINYINT" field_length="1" index="index" description=""/>
    <field field_name="checked_out" field_type="INT" field_length="11" index="index" description=""/>
    <field field_name="checked_out_time" field_type="DATETIME" description=""/>
    <field field_name="created_by" field_type="INT" field_length="11" index="index" description=""/>
    <field field_name="modified_by" field_type="INT" field_length="11" index="index" description=""/>
    <field field_name="annual_interest_payment" field_type="DOUBLE" description=""/>
    <field field_name="first_interest_duedate" field_type="DATETIME" description=""/>
    <field field_name="principal_payment_increment" field_type="DOUBLE" description=""/>
    <field field_name="first_principle_due" field_type="DATETIME" description=""/>
    <field field_name="annual_arrears_payment" field_type="DOUBLE" description=""/>
    <field field_name="final_interest_date" field_type="DATETIME" description=""/>
    <field field_name="projected_interest_yearend" field_type="DOUBLE" description=""/>
  </table>
  <table action="add" table_name="#__agmanager_owned_land" storage_engine="" collation="utf8mb4_unicode_ci">
    <field field_name="id" field_type="INT" field_length="11" is_autoincrement="1" index="primary" description=""/>
    <field field_name="ordering" field_type="INT" field_length="11" index="index" description=""/>
    <field field_name="state" field_type="TINYINT" field_length="1" index="index" description=""/>
    <field field_name="checked_out" field_type="INT" field_length="11" index="index" description=""/>
    <field field_name="checked_out_time" field_type="DATETIME" description=""/>
    <field field_name="created_by" field_type="INT" field_length="11" index="index" description=""/>
    <field field_name="modified_by" field_type="INT" field_length="11" index="index" description=""/>
    <field action="change" field_name="legal_description" field_type="VARCHAR" field_length="255" description="Enter the legal ID description for this plot of land"/>
    <field action="change" field_name="owner" field_type="VARCHAR" field_length="255" description="Enter the name of the owner of this property"/>
    <field action="change" field_name="total_acreage" field_type="DOUBLE" description="Enter the total number of acres included in this plot"/>
    <field action="change" field_name="year_acquired" field_type="YEAR" description="Enter the year this land was acquired"/>
    <field action="change" field_name="purchase_price" field_type="DOUBLE" description="List the purchase price for this land"/>
    <field action="change" field_name="assessed_value" field_type="DOUBLE" description="List the assessed value of this land"/>
    <field action="change" field_name="farmq" field_type="VARCHAR" field_length="255" description=""/>
    <field field_name="cultivated_acreage" field_type="DOUBLE" description=""/>
    <field field_name="market_value" field_type="DOUBLE" description=""/>
    <field field_name="encumbrance" field_type="DOUBLE" description=""/>
    <field field_name="purchases" field_type="DOUBLE" description=""/>
    <field field_name="sales" field_type="DOUBLE" description=""/>
    <field field_name="asset_gainloss" field_type="DOUBLE" description=""/>
    <field field_name="owned_leased" field_type="VARCHAR" field_length="255" description="Select whether this land is owned or leased"/>
    <field field_name="lease_years_remaining" field_type="INT" description="Shows the number of years remaining on lease"/>
    <field field_name="lease_expiration" field_type="DATETIME" description="Set the date of the lease termination"/>
    <field action="remove" field_name="farmq_options"/>
  </table>
  <table action="change" old_name="#__agmanager_livestock_outflow" new_name="#__agmanager_finances_outflow" table_name="#__agmanager_finances_outflow" storage_engine="" collation="utf8mb4_unicode_ci">
    <field action="add" field_name="id" field_type="INT" field_length="11" is_autoincrement="1" index="primary" description=""/>
    <field action="add" field_name="ordering" field_type="INT" field_length="11" index="index" description=""/>
    <field action="add" field_name="state" field_type="TINYINT" field_length="1" index="index" description=""/>
    <field action="add" field_name="checked_out" field_type="INT" field_length="11" index="index" description=""/>
    <field action="add" field_name="checked_out_time" field_type="DATETIME" description=""/>
    <field action="add" field_name="created_by" field_type="INT" field_length="11" index="index" description=""/>
    <field action="add" field_name="modified_by" field_type="INT" field_length="11" index="index" description=""/>
    <field action="change" old_name="grain_purchases" new_name="grainhay_purchases" field_name="grainhay_purchases" field_type="INT" description=""/>
    <field action="change" field_name="commercial_feed_purchases" field_type="INT" description=""/>
    <field action="change" field_name="salt" field_type="INT" description=""/>
    <field action="change" field_name="minerals" field_type="INT" description=""/>
    <field action="change" field_name="vitamins" field_type="INT" description=""/>
    <field action="change" field_name="pasture_rent" field_type="INT" description=""/>
    <field action="change" field_name="containers_twine" field_type="INT" description=""/>
    <field action="change" field_name="breeding_fees" field_type="INT" description=""/>
    <field action="change" field_name="vet_fees" field_type="INT" description=""/>
    <field action="change" field_name="drugs" field_type="INT" description=""/>
    <field action="change" field_name="breeding_stock_purchases" field_type="INT" description=""/>
    <field action="change" field_name="market_stock_purchases" field_type="INT" description=""/>
    <field action="change" old_name="marketing_changes" new_name="marketing_charges" field_name="marketing_charges" field_type="INT" description=""/>
    <field action="change" old_name="other_expenses" new_name="other_livestock_expenses" field_name="other_livestock_expenses" field_type="INT" description=""/>
    <field field_name="seed_purchases" field_type="INT" description=""/>
    <field field_name="seed_cleaning" field_type="INT" description=""/>
    <field field_name="seed_treatment" field_type="INT" description=""/>
    <field field_name="fertilizer" field_type="INT" description=""/>
    <field field_name="chemicals" field_type="INT" description="Chemicals (Weed &amp; Insect Sprays)"/>
    <field field_name="hailcrop_insurance" field_type="INT" description=""/>
    <field field_name="other_crop_expenses" field_type="INT" description=""/>
    <field field_name="property_tax" field_type="INT" description=""/>
    <field field_name="capital_land_purchases" field_type="INT" description=""/>
    <field field_name="new_lease_payments" field_type="INT" description=""/>
    <field field_name="existing_lease_payments" field_type="INT" description=""/>
    <field field_name="annual_cash_rent_leased_land" field_type="INT" description=""/>
    <field field_name="fuel" field_type="INT" description=""/>
    <field field_name="oil" field_type="INT" description=""/>
    <field field_name="grease" field_type="INT" description=""/>
    <field field_name="equipment_repair" field_type="INT" description=""/>
    <field field_name="shop_supplies" field_type="INT" description=""/>
    <field field_name="small_tools" field_type="INT" description=""/>
    <field field_name="building_insurance" field_type="INT" description=""/>
    <field action="change" old_name="building_fence_repairs" new_name="building_repairs" field_name="building_repairs" field_type="INT" description=""/>
    <field field_name="fence_repairs" field_type="INT" description=""/>
    <field field_name="vehicle_registrationinsurance" field_type="INT" description=""/>
    <field field_name="capital_machinesbuildings_purchases" field_type="INT" description=""/>
    <field field_name="professional_fees" field_type="INT" description=""/>
    <field field_name="custom_work" field_type="INT" description=""/>
    <field field_name="hydrotelephone" field_type="INT" description=""/>
    <field field_name="hired_labour" field_type="INT" description=""/>
    <field field_name="office_expenses" field_type="INT" description=""/>
    <field field_name="other_assetinvestment_purchases" field_type="INT" description=""/>
    <field field_name="other_farm_expenses" field_type="INT" description=""/>
    <field field_name="living_expenses" field_type="INT" description=""/>
    <field field_name="income_tax" field_type="INT" description=""/>
    <field field_name="life_insurance" field_type="INT" description=""/>
    <field field_name="cash_withdrawals" field_type="INT" description=""/>
    <field field_name="accounts_payable" field_type="INT" description=""/>
    <field field_name="repayment_cash_advance_principal" field_type="INT" description=""/>
    <field field_name="repayment_cash_advance_interest" field_type="INT" description=""/>
    <field field_name="arrears_payment" field_type="INT" description=""/>
    <field field_name="term_loan_payment_principal" field_type="INT" description=""/>
    <field field_name="term_loan_payment_interest" field_type="INT" description=""/>
    <field action="remove" field_name="commercial_feed_purchases_copy_1"/>
    <field action="remove" field_name="pasture_rent_copy_1"/>
    <field action="remove" field_name="salt_minerals_vitamins"/>
    <field action="remove" field_name="hydrotelephone_copy_1"/>
  </table>
  <table action="add" table_name="#__agmanager_finances_inflow" storage_engine="" collation="utf8mb4_unicode_ci">
    <field action="add" field_name="id" field_type="INT" field_length="11" is_autoincrement="1" index="primary" description=""/>
    <field action="add" field_name="ordering" field_type="INT" field_length="11" index="index" description=""/>
    <field action="add" field_name="state" field_type="TINYINT" field_length="1" index="index" description=""/>
    <field action="add" field_name="checked_out" field_type="INT" field_length="11" index="index" description=""/>
    <field action="add" field_name="checked_out_time" field_type="DATETIME" description=""/>
    <field action="add" field_name="created_by" field_type="INT" field_length="11" index="index" description=""/>
    <field action="add" field_name="modified_by" field_type="INT" field_length="11" index="index" description=""/>
    <field action="add" field_name="custom_work" field_type="VARCHAR" field_length="255" description=""/>
    <field action="add" field_name="accounts_receivable" field_type="VARCHAR" field_length="255" description=""/>
    <field action="add" field_name="other_farm_income" field_type="VARCHAR" field_length="255" description=""/>
    <field action="add" field_name="new_cash_advance" field_type="VARCHAR" field_length="255" description=""/>
    <field action="add" field_name="new_term_borrowings" field_type="VARCHAR" field_length="255" description=""/>
    <field action="add" field_name="other_asset_sales" field_type="VARCHAR" field_length="255" description=""/>
    <field action="add" field_name="off_farm_income" field_type="VARCHAR" field_length="255" description=""/>
    <field action="add" field_name="cash_contributions" field_type="VARCHAR" field_length="255" description=""/>
    <field field_name="crop_sales" field_type="INT" description=""/>
    <field field_name="breedinglivestocksales" field_type="INT" description=""/>
    <field field_name="market_livestock_sales" field_type="INT" description=""/>
    <field field_name="livestock_products" field_type="INT" description=""/>
    <field field_name="capital_land_sales" field_type="INT" description=""/>
    <field field_name="capital_machinebuilding_sales" field_type="INT" description=""/>
  </table>
  <table action="add" table_name="#__agmanager_debts" storage_engine="" collation="utf8mb4_unicode_ci">
    <field action="add" field_name="id" field_type="INT" field_length="11" is_autoincrement="1" index="primary" description=""/>
    <field action="add" field_name="ordering" field_type="INT" field_length="11" index="index" description=""/>
    <field action="add" field_name="state" field_type="TINYINT" field_length="1" index="index" description=""/>
    <field action="add" field_name="checked_out" field_type="INT" field_length="11" index="index" description=""/>
    <field action="add" field_name="checked_out_time" field_type="DATETIME" description=""/>
    <field action="add" field_name="created_by" field_type="INT" field_length="11" index="index" description=""/>
    <field action="add" field_name="modified_by" field_type="INT" field_length="11" index="index" description=""/>
    <field action="change" field_name="type" field_type="VARCHAR" field_length="255" description=""/>
    <field action="add" field_name="original_date" field_type="DATETIME" description=""/>
    <field action="add" field_name="original_amount" field_type="DOUBLE" description=""/>
    <field action="add" field_name="principal_loan" field_type="DOUBLE" description=""/>
    <field action="add" field_name="years_remaining" field_type="DOUBLE" description="Should perhaps be a SQL statement drawn from the other information"/>
    <field action="add" field_name="annual_rent" field_type="DOUBLE" description=""/>
    <field action="add" field_name="accrued_interest" field_type="DOUBLE" description=""/>
    <field action="add" field_name="arrears" field_type="DOUBLE" description=""/>
    <field action="add" field_name="total_amount_outstanding" field_type="DOUBLE" description=""/>
    <field action="add" field_name="payment_date" field_type="DATETIME" description=""/>
    <field action="add" field_name="crop_share" field_type="VARCHAR" field_length="255" description=""/>
    <field action="add" field_name="lease_terms" field_type="TEXT" description=""/>
  </table>
  <table action="change" old_name="#__agmanager_accounts_payable" new_name="#__agmanager_accounts_payable_types" table_name="#__agmanager_accounts_payable_types" storage_engine="" collation="utf8mb4_unicode_ci">
    <field field_name="id" field_type="INT" field_length="11" is_autoincrement="1" index="primary" description=""/>
    <field field_name="ordering" field_type="INT" field_length="11" index="index" description=""/>
    <field field_name="state" field_type="TINYINT" field_length="1" index="index" description=""/>
    <field field_name="checked_out" field_type="INT" field_length="11" index="index" description=""/>
    <field field_name="checked_out_time" field_type="DATETIME" description=""/>
    <field field_name="created_by" field_type="INT" field_length="11" index="index" description=""/>
    <field field_name="modified_by" field_type="INT" field_length="11" index="index" description=""/>
    <field action="change" field_name="account_type" field_type="VARCHAR" field_length="255" description=""/>
  </table>
  <table action="add" table_name="#__agmanager_finances_assets" storage_engine="" collation="utf8mb4_unicode_ci">
    <field field_name="id" field_type="INT" field_length="11" is_autoincrement="1" index="primary" description=""/>
    <field field_name="ordering" field_type="INT" field_length="11" index="index" description=""/>
    <field field_name="state" field_type="TINYINT" field_length="1" index="index" description=""/>
    <field field_name="checked_out" field_type="INT" field_length="11" index="index" description=""/>
    <field field_name="checked_out_time" field_type="DATETIME" description=""/>
    <field field_name="created_by" field_type="INT" field_length="11" index="index" description=""/>
    <field field_name="modified_by" field_type="INT" field_length="11" index="index" description=""/>
    <field field_name="cash_on_hand" field_type="DOUBLE" description=""/>
    <field field_name="accounts_receivable" field_type="DOUBLE" description=""/>
    <field field_name="market_livestock" field_type="DOUBLE" description=""/>
    <field field_name="grain" field_type="DOUBLE" description=""/>
    <field field_name="farm_supplies" field_type="DOUBLE" description=""/>
    <field field_name="investment_growing_crops" field_type="DOUBLE" description=""/>
  </table>
  <table action="add" table_name="#__agmanager_crop_plan" storage_engine="" collation="utf8mb4_unicode_ci">
    <field action="add" field_name="id" field_type="INT" field_length="11" is_autoincrement="1" index="primary" description=""/>
    <field action="add" field_name="ordering" field_type="INT" field_length="11" index="index" description=""/>
    <field action="add" field_name="state" field_type="TINYINT" field_length="1" index="index" description=""/>
    <field action="add" field_name="checked_out" field_type="INT" field_length="11" index="index" description=""/>
    <field action="add" field_name="checked_out_time" field_type="DATETIME" description=""/>
    <field action="add" field_name="created_by" field_type="INT" field_length="11" index="index" description=""/>
    <field action="add" field_name="modified_by" field_type="INT" field_length="11" index="index" description=""/>
    <field action="change" field_name="location_legal" field_type="VARCHAR" field_length="255" description="Unique code identifying this plot of land"/>
    <field action="change" field_name="location_acreage" field_type="DOUBLE" description="Lists the acreage of this given plot of land"/>
    <field action="add" field_name="plan_crop" field_type="TEXT" description="Lists the crop planted in this acreage plot."/>
    <field action="change" field_name="plan_fertilizer" field_type="TEXT" description="Lists the fertilizer used in this acreage plot."/>
    <field action="change" field_name="plan_chemical" field_type="TEXT" description="Lists the chemical used in this acreage plot."/>
    <field action="add" field_name="cost_seed" field_type="INT" default="0" field_length="11" description="Displays the cost of the seed used per acre."/>
    <field action="change" field_name="cost_fert" field_type="INT" default="0" field_length="11" description="Displays the cost of the fertilizer used per acre."/>
    <field action="add" field_name="cost_chem" field_type="INT" default="0" field_length="11" description="Displays the cost of the chemical used per acre."/>
  </table>
  <table action="add" table_name="#__agmanager_chemical" storage_engine="" collation="utf8mb4_unicode_ci">
    <field action="add" field_name="id" field_type="INT" field_length="11" is_autoincrement="1" index="primary" description=""/>
    <field action="add" field_name="chem_type" field_type="VARCHAR" field_length="25" description=""/>
    <field action="add" field_name="state" field_type="TINYINT" field_length="1" index="index" description=""/>
    <field action="add" field_name="checked_out" field_type="INT" field_length="11" index="index" description=""/>
    <field action="add" field_name="checked_out_time" field_type="DATETIME" description=""/>
    <field action="add" field_name="created_by" field_type="INT" field_length="11" index="index" description=""/>
    <field action="add" field_name="modified_by" field_type="INT" field_length="11" index="index" description=""/>
    <field action="add" field_name="lft" field_type="INT" field_length="11" index="index" description=""/>
    <field action="add" field_name="rgt" field_type="INT" field_length="11" index="index" description=""/>
    <field action="add" field_name="level" field_type="INT" field_length="10" index="index" description=""/>
    <field action="add" field_name="access" field_type="TINYINT" field_length="3" index="index" description=""/>
    <field action="add" field_name="path" field_type="VARCHAR" field_length="255" index="index" description=""/>
    <field action="add" field_name="chem_quantity" field_type="FLOAT" description="This field displays how many units there are of this chemical"/>
    <field action="add" field_name="chem_cost" field_type="FLOAT" description="This displays the cost of each unit of this chemical"/>
    <field action="add" field_name="chem_per_acre" field_type="FLOAT" description="This displays much of this chemical is used for one acre."/>
  </table>
  <table action="add" table_name="#__agmanager_fertilizer" storage_engine="" collation="utf8mb4_unicode_ci">
    <field action="add" field_name="id" field_type="INT" field_length="11" is_autoincrement="1" index="primary" description=""/>
    <field action="add" field_name="fert_type" field_type="VARCHAR" field_length="25" description="The name of this fertilizer"/>
    <field action="add" field_name="state" field_type="TINYINT" field_length="1" index="index" description=""/>
    <field action="add" field_name="checked_out" field_type="INT" field_length="11" index="index" description=""/>
    <field action="add" field_name="checked_out_time" field_type="DATETIME" description=""/>
    <field action="add" field_name="created_by" field_type="INT" field_length="11" index="index" description=""/>
    <field action="add" field_name="modified_by" field_type="INT" field_length="11" index="index" description=""/>
    <field action="add" field_name="lft" field_type="INT" field_length="11" index="index" description=""/>
    <field action="add" field_name="rgt" field_type="INT" field_length="11" index="index" description=""/>
    <field action="add" field_name="level" field_type="INT" field_length="10" index="index" description=""/>
    <field action="add" field_name="access" field_type="TINYINT" field_length="3" index="index" description=""/>
    <field action="add" field_name="path" field_type="VARCHAR" field_length="255" index="index" description=""/>
    <field action="add" field_name="fert_cost" field_type="FLOAT" description="This displays the cost of each unit of this fertilizer"/>
    <field action="add" field_name="fert_per_acre" field_type="FLOAT" description="This displays how much of this fertilizer is used for one acre."/>
    <field action="add" field_name="fert_quantity" field_type="FLOAT" description=""/>
  </table>
  <table action="add" table_name="#__agmanager_seed" storage_engine="" collation="utf8mb4_unicode_ci">
    <field action="add" field_name="id" field_type="INT" field_length="11" is_autoincrement="1" index="primary" description=""/>
    <field action="add" field_name="crop_type" field_type="VARCHAR" field_length="25" description="The name of this crop"/>
    <field action="add" field_name="state" field_type="TINYINT" field_length="1" index="index" description=""/>
    <field action="add" field_name="checked_out" field_type="INT" field_length="11" index="index" description=""/>
    <field action="add" field_name="checked_out_time" field_type="DATETIME" description=""/>
    <field action="add" field_name="created_by" field_type="INT" field_length="11" index="index" description=""/>
    <field action="add" field_name="modified_by" field_type="INT" field_length="11" index="index" description=""/>
    <field action="add" field_name="lft" field_type="INT" field_length="11" index="index" description=""/>
    <field action="add" field_name="rgt" field_type="INT" field_length="11" index="index" description=""/>
    <field action="add" field_name="level" field_type="INT" field_length="10" index="index" description=""/>
    <field action="add" field_name="access" field_type="TINYINT" field_length="3" index="index" description=""/>
    <field action="add" field_name="path" field_type="VARCHAR" field_length="255" index="index" description=""/>
    <field action="add" field_name="crop_cost" field_type="FLOAT" description="This displays the cost of each unit of this crop"/>
    <field action="add" field_name="crop_per_acre" field_type="FLOAT" description="This displays how much of this crop is used for one acre."/>
    <field action="change" field_name="crop_quantity" field_type="FLOAT" description="This displays how much of this crop is currently in stock"/>
    <field field_name="seed_supplier" field_type="VARCHAR" default="0" field_length="255" description="This field provides the name of the supplier, drawn from the list of approved suppliers."/>
  </table>
  <table action="add" table_name="#__agmanager_seedsuppliers" storage_engine="" collation="utf8mb4_unicode_ci">
    <field action="add" field_name="id" field_type="INT" field_length="11" is_autoincrement="1" index="primary" description=""/>
    <field action="add" field_name="ordering" field_type="INT" field_length="11" index="index" description=""/>
    <field action="change" field_name="state" field_type="TINYINT" field_length="1" description="Select whether this vendor is active or inactive"/>
    <field action="add" field_name="checked_out" field_type="INT" field_length="11" index="index" description=""/>
    <field action="add" field_name="checked_out_time" field_type="DATETIME" description=""/>
    <field action="add" field_name="created_by" field_type="INT" field_length="11" index="index" description=""/>
    <field action="add" field_name="modified_by" field_type="INT" field_length="11" index="index" description=""/>
    <field action="add" field_name="suppliername" field_type="VARCHAR" field_length="255" description="List of seed suppliers"/>
  </table>
  <table action="add" table_name="#__agmanager_livestock" storage_engine="" collation="utf8mb4_unicode_ci">
    <field action="add" field_name="id" field_type="INT" field_length="11" is_autoincrement="1" index="primary" description=""/>
    <field action="add" field_name="ordering" field_type="INT" field_length="11" index="index" description=""/>
    <field action="add" field_name="state" field_type="TINYINT" field_length="1" index="index" description=""/>
    <field action="add" field_name="checked_out" field_type="INT" field_length="11" index="index" description=""/>
    <field action="add" field_name="checked_out_time" field_type="DATETIME" description=""/>
    <field action="add" field_name="created_by" field_type="INT" field_length="11" index="index" description=""/>
    <field action="add" field_name="modified_by" field_type="INT" field_length="11" index="index" description=""/>
    <field action="change" field_name="livestock_category" field_type="VARCHAR" field_length="255" description="Select a category for this livestock"/>
    <field action="change" field_name="tag_number" field_type="VARCHAR" field_length="255" description="Enter the livestock's tag number here"/>
    <field action="change" field_name="transin_date" field_type="DATETIME" description="Select when this livestock was added to the inventory"/>
    <field action="change" field_name="transin_mode" field_type="VARCHAR" field_length="255" description="Select how this livestock was added to the inventory"/>
    <field action="change" field_name="transin_weight" field_type="SMALLINT" field_length="11" description="Enter this livestock's weight when it was added to the inventory"/>
    <field action="change" field_name="transout_mode" field_type="VARCHAR" field_length="255" description="Select how this livestock was removed from the inventory"/>
    <field action="change" field_name="transout_date" field_type="DATETIME" description="Select when this livestock was removed from the inventory"/>
    <field action="change" field_name="transout_weight" field_type="SMALLINT" field_length="11" description="Enter the current weight/final weight of this livestock at sale."/>
    <field action="change" field_name="purchase_price" field_type="SMALLINT" field_length="11" description="Lists the purchase price of this livestock."/>
    <field action="change" field_name="sale_price" field_type="SMALLINT" field_length="11" description="Enter the sale price of this livestock."/>
  </table>
  <table action="add" table_name="#__agmanager_leased_land" storage_engine="" collation="utf8mb4_unicode_ci">
    <field action="add" field_name="id" field_type="INT" field_length="11" is_autoincrement="1" index="primary" description=""/>
    <field action="add" field_name="ordering" field_type="INT" field_length="11" index="index" description=""/>
    <field action="add" field_name="state" field_type="TINYINT" field_length="1" index="index" description=""/>
    <field action="add" field_name="checked_out" field_type="INT" field_length="11" index="index" description=""/>
    <field action="add" field_name="checked_out_time" field_type="DATETIME" description=""/>
    <field action="add" field_name="created_by" field_type="INT" field_length="11" index="index" description=""/>
    <field action="add" field_name="modified_by" field_type="INT" field_length="11" index="index" description=""/>
    <field action="add" field_name="legal_description" field_type="VARCHAR" field_length="255" description=""/>
    <field action="add" field_name="owner" field_type="VARCHAR" field_length="255" description=""/>
    <field action="add" field_name="total_acreage" field_type="DOUBLE" description=""/>
    <field action="add" field_name="year_acquired" field_type="DATETIME" description=""/>
    <field action="add" field_name="purchase_price" field_type="DOUBLE" description=""/>
    <field action="add" field_name="assessed_value" field_type="DOUBLE" description=""/>
    <field action="add" field_name="farmq" field_type="VARCHAR" field_length="255" description=""/>
    <field action="add" field_name="farmq_options" field_type="VARCHAR" field_length="255" description=""/>
    <field action="add" field_name="cultivated_acreage" field_type="DOUBLE" description=""/>
    <field action="add" field_name="market_value" field_type="DOUBLE" description=""/>
    <field action="add" field_name="encumbrance" field_type="DOUBLE" description=""/>
    <field action="add" field_name="purchases" field_type="DOUBLE" description=""/>
    <field action="add" field_name="sales" field_type="DOUBLE" description=""/>
    <field action="add" field_name="asset_gainloss" field_type="DOUBLE" description=""/>
  </table>
  <table action="add" table_name="#__agmanager_building_quota" storage_engine="" collation="utf8mb4_unicode_ci">
    <field field_name="id" field_type="INT" field_length="11" is_autoincrement="1" index="primary" description=""/>
    <field field_name="ordering" field_type="INT" field_length="11" index="index" description=""/>
    <field field_name="state" field_type="TINYINT" field_length="1" index="index" description=""/>
    <field field_name="checked_out" field_type="INT" field_length="11" index="index" description=""/>
    <field field_name="checked_out_time" field_type="DATETIME" description=""/>
    <field field_name="created_by" field_type="INT" field_length="11" index="index" description=""/>
    <field field_name="modified_by" field_type="INT" field_length="11" index="index" description=""/>
    <field action="change" field_name="name" field_type="VARCHAR" field_length="255" description=""/>
    <field action="change" field_name="construction_date" field_type="DATE" description=""/>
    <field action="change" field_name="location" field_type="VARCHAR" field_length="255" description=""/>
    <field action="change" field_name="assessed_value" field_type="INT" description=""/>
    <field action="change" field_name="year_acquired" field_type="DATE" description=""/>
    <field action="change" field_name="market_value" field_type="INT" description=""/>
    <field action="change" field_name="purchases" field_type="INT" description=""/>
    <field action="change" field_name="sales" field_type="INT" description=""/>
    <field action="change" field_name="asset_gainloss" field_type="INT" description=""/>
    <field action="change" field_name="condition" field_type="VARCHAR" field_length="255" description=""/>
    <field action="change" field_name="maintenance" field_type="VARCHAR" field_length="255" description=""/>
    <field action="change" field_name="comments" field_type="TEXT" description=""/>
    <field field_name="attachments" field_type="TEXT" description=""/>
    <field field_name="maintenance_frequency" field_type="VARCHAR" field_length="255" description=""/>
  </table>
  <table action="add" table_name="#__agmanager_machinery_equipment" storage_engine="" collation="utf8mb4_unicode_ci">
    <field action="add" field_name="id" field_type="INT" field_length="11" is_autoincrement="1" index="primary" description=""/>
    <field action="add" field_name="ordering" field_type="INT" field_length="11" index="index" description=""/>
    <field action="add" field_name="state" field_type="TINYINT" field_length="1" index="index" description=""/>
    <field action="add" field_name="checked_out" field_type="INT" field_length="11" index="index" description=""/>
    <field action="add" field_name="checked_out_time" field_type="DATETIME" description=""/>
    <field action="add" field_name="created_by" field_type="INT" field_length="11" index="index" description=""/>
    <field action="add" field_name="modified_by" field_type="INT" field_length="11" index="index" description=""/>
    <field action="change" old_name="name" new_name="unit" field_name="unit" field_type="VARCHAR" field_length="255" description=""/>
    <field action="change" old_name="construction_date" new_name="make" field_name="make" field_type="VARCHAR" field_length="255" description=""/>
    <field action="change" old_name="location" new_name="model" field_name="model" field_type="VARCHAR" field_length="255" description=""/>
    <field action="change" field_name="manufacture_date" field_type="DATETIME" description=""/>
    <field action="change" field_name="purchase_date" field_type="DATETIME" description=""/>
    <field action="add" field_name="market_value" field_type="DOUBLE" description=""/>
    <field action="add" field_name="purchases" field_type="DOUBLE" description=""/>
    <field action="add" field_name="sales" field_type="DOUBLE" description=""/>
    <field action="add" field_name="asset_gainloss" field_type="DOUBLE" description=""/>
    <field action="change" field_name="condition" field_type="VARCHAR" field_length="255" description=""/>
    <field action="change" field_name="maintenance" field_type="VARCHAR" field_length="255" description=""/>
    <field action="add" field_name="comments" field_type="TEXT" description=""/>
    <field action="add" field_name="attachments" field_type="TEXT" description=""/>
    <field field_name="purchase_price" field_type="DOUBLE" description=""/>
    <field field_name="maintenance_frequency" field_type="VARCHAR" field_length="255" description=""/>
  </table>
  <table action="add" table_name="#__agmanager_bins" storage_engine="" collation="utf8mb4_unicode_ci">
    <field action="add" field_name="id" field_type="INT" field_length="11" is_autoincrement="1" index="primary" description=""/>
    <field action="add" field_name="ordering" field_type="INT" field_length="11" index="index" description=""/>
    <field action="add" field_name="state" field_type="TINYINT" field_length="1" index="index" description=""/>
    <field action="add" field_name="checked_out" field_type="INT" field_length="11" index="index" description=""/>
    <field action="add" field_name="checked_out_time" field_type="DATETIME" description=""/>
    <field action="add" field_name="created_by" field_type="INT" field_length="11" index="index" description=""/>
    <field action="add" field_name="modified_by" field_type="INT" field_length="11" index="index" description=""/>
    <field action="change" old_name="name" new_name="description" field_name="description" field_type="VARCHAR" field_length="255" description=""/>
    <field action="add" field_name="construction_date" field_type="DATETIME" description=""/>
    <field action="change" old_name="location" new_name="quantity" field_name="quantity" field_type="DOUBLE" description=""/>
    <field action="change" old_name="assessed_value" new_name="capacity_per_unit" field_name="capacity_per_unit" field_type="DOUBLE" description=""/>
    <field action="change" field_name="total_capacity" field_type="DOUBLE" description=""/>
    <field action="add" field_name="market_value" field_type="DOUBLE" description=""/>
    <field action="add" field_name="purchases" field_type="DOUBLE" description=""/>
    <field action="add" field_name="sales" field_type="DOUBLE" description=""/>
    <field action="add" field_name="asset_gainloss" field_type="DOUBLE" description=""/>
    <field action="change" field_name="condition" field_type="VARCHAR" field_length="255" description=""/>
    <field action="change" field_name="maintenance" field_type="VARCHAR" field_length="255" description=""/>
    <field action="add" field_name="comments" field_type="TEXT" description=""/>
    <field action="add" field_name="attachments" field_type="TEXT" description=""/>
    <field field_name="maintenance_frequency" field_type="VARCHAR" field_length="255" description=""/>
  </table>
</component>
