<?xml version="1.0" encoding="utf-8"?>
<extension type="component" version="3.0" method="upgrade">
    <name>com_agmanager</name>
    <creationDate>2021-07-26</creationDate>
    <copyright>2021 Bankert Marketing Inc. </copyright>
    <license>GNU General Public License version 2 or later; see LICENSE.txt</license>
    <author>Micah Windle</author>
    <authorEmail>support@bankert.ca</authorEmail>
    <authorUrl>https://bankert.ca</authorUrl>
    <version>CVS: 1.0.0</version>
    <description>COM_AGMANAGER_XML_DESCRIPTION</description>
    
    <scriptfile>script.php</scriptfile>
    
    <install> <!-- Runs on install -->
        <sql>
            <file driver="mysql" charset="utf8">sql/install.mysql.utf8.sql</file>
        </sql>
    </install>
    <update> <!-- Runs on update -->
        <sql>
            <file driver="mysql" charset="utf8">sql/update.mysql.utf8.sql</file>
        </sql>
    </update>
    <uninstall> <!-- Runs on uninstall -->
        <sql>
            <file driver="mysql" charset="utf8">sql/uninstall.mysql.utf8.sql</file>
        </sql>
    </uninstall>

    <files folder="site">
        <filename>index.html</filename>
        <filename>agmanager.php</filename>
        <filename>controller.php</filename>
        <filename>router.php</filename>
        <folder>views</folder>
        <folder>models</folder>
        <folder>controllers</folder>
        <folder>helpers</folder>
    </files>
    <media destination="com_agmanager" folder="media">
        <folder>js</folder>
        <folder>css</folder>
    </media>
    <languages folder="site/languages">
        
			<language tag="en-GB">en-GB/en-GB.com_agmanager.ini</language>
    </languages>
    <administration>
        <menu>COM_AGMANAGER</menu>
        <submenu>
            
			<menu link="option=com_agmanager&amp;view=cropplans" view="cropplans" alt="Agmanager/Cropplans">COM_AGMANAGER_TITLE_CROPPLANS</menu>

			<menu link="option=com_agmanager&amp;view=seeds" view="seeds" alt="Agmanager/Seeds">COM_AGMANAGER_TITLE_SEEDS</menu>

			<menu link="option=com_agmanager&amp;view=fertilizers" view="fertilizers" alt="Agmanager/Fertilizers">COM_AGMANAGER_TITLE_FERTILIZERS</menu>

			<menu link="option=com_agmanager&amp;view=chemicals" view="chemicals" alt="Agmanager/Chemicals">COM_AGMANAGER_TITLE_CHEMICALS</menu>

			<menu link="option=com_agmanager&amp;view=seedsuppliers" view="seedsuppliers" alt="Agmanager/Seedsuppliers">COM_AGMANAGER_TITLE_SEEDSUPPLIERS</menu>

			<menu link="option=com_agmanager&amp;view=livestocks" view="livestocks" alt="Agmanager/Livestocks">COM_AGMANAGER_TITLE_LIVESTOCKS</menu>

			<menu link="option=com_agmanager&amp;view=ownedlands" view="ownedlands" alt="Agmanager/Ownedlands">COM_AGMANAGER_TITLE_OWNEDLANDS</menu>

			<menu link="option=com_agmanager&amp;view=leasedlands" view="leasedlands" alt="Agmanager/Leasedlands">COM_AGMANAGER_TITLE_LEASEDLANDS</menu>

			<menu link="option=com_agmanager&amp;view=buildingsquotas" view="buildingsquotas" alt="Agmanager/Buildingsquotas">COM_AGMANAGER_TITLE_BUILDINGSQUOTAS</menu>

			<menu link="option=com_agmanager&amp;view=bins" view="bins" alt="Agmanager/Bins">COM_AGMANAGER_TITLE_BINS</menu>

			<menu link="option=com_agmanager&amp;view=machineryequipments" view="machineryequipments" alt="Agmanager/Machineryequipments">COM_AGMANAGER_TITLE_MACHINERYEQUIPMENTS</menu>

			<menu link="option=com_agmanager&amp;view=debts" view="debts" alt="Agmanager/Debts">COM_AGMANAGER_TITLE_DEBTS</menu>

			<menu link="option=com_agmanager&amp;view=financesinflows" view="financesinflows" alt="Agmanager/Financesinflows">COM_AGMANAGER_TITLE_FINANCESINFLOWS</menu>

			<menu link="option=com_agmanager&amp;view=financeoutflows" view="financeoutflows" alt="Agmanager/Financeoutflows">COM_AGMANAGER_TITLE_FINANCEOUTFLOWS</menu>

			<menu link="option=com_agmanager&amp;view=financesassets" view="financesassets" alt="Agmanager/Financesassets">COM_AGMANAGER_TITLE_FINANCESASSETS</menu>

			<menu link="option=com_agmanager&amp;view=accountspayabletypes" view="accountspayabletypes" alt="Agmanager/Accountspayabletypes">COM_AGMANAGER_TITLE_ACCOUNTSPAYABLETYPES</menu>

			<menu link="option=com_agmanager&amp;view=paymentprojections" view="paymentprojections" alt="Agmanager/Paymentprojections">COM_AGMANAGER_TITLE_PAYMENTPROJECTIONS</menu>

        </submenu>
        <files folder="administrator">
            <filename>access.xml</filename>
            <filename>config.xml</filename>
            <filename>controller.php</filename>
            <filename>index.html</filename>
            <filename>agmanager.php</filename>
            <folder>controllers</folder>
            <folder>assets</folder>
            <folder>helpers</folder>
            <folder>models</folder>
            <folder>sql</folder>
            <folder>tables</folder>
            <folder>views</folder>
        </files>
        <languages folder="administrator/languages">
            
			<language tag="en-GB">en-GB/en-GB.com_agmanager.ini</language>
			<language tag="en-GB">en-GB/en-GB.com_agmanager.sys.ini</language>
        </languages>
    </administration>
    <config>
        <fields name="params">
            <fieldset name="component">
                <field name="save_history" default="0" />
            </fieldset>
        </fields>
    </config>
    <plugins>
        <plugin group="search" plugin="agmanager"/>
    </plugins>
    <modules>
		<module module="mod_agmanager" />
	</modules>
</extension>
<!-- Component built by the Joomla Component Creator -->
<!-- http://www.component-creator.com/ -->
