<?xml version="1.0" encoding="utf-8"?>
<extension type="module" version="3.0" method="upgrade" client="site">
    <name>MOD_AGMANAGER_NAME</name>
    <creationDate>2021-07-26</creationDate>
    <copyright>2021 Bankert Marketing Inc. </copyright>
    <license>GNU General Public License version 2 or later; see LICENSE.txt</license>
    <author>Micah Windle</author>
    <authorEmail>support@bankert.ca</authorEmail>
    <authorUrl>https://bankert.ca</authorUrl>
    <version>CVS: 1.0.0</version>
    <description>MOD_AGMANAGER_DESCRIPTION</description>
    
    <files>
        <filename module="mod_agmanager">mod_agmanager.php</filename>
        <filename>helper.php</filename>
        <filename>index.html</filename>
        <folder>tmpl</folder>
    </files>
    <languages folder="language">
        
			<language tag="en-GB">en-GB/en-GB.mod_agmanager.ini</language>
			<language tag="en-GB">en-GB/en-GB.mod_agmanager.sys.ini</language>
    </languages>
    <config>
        <fields name="params">
            <fieldset 
                name="content_type" 
                label="MOD_AGMANAGER_CONTENT_TYPE_TAB_LBL"
                description="MOD_AGMANAGER_CONTENT_TYPE_TAB_DESC">
                <field
                    name="content_type" type="list"
                    label="MOD_AGMANAGER_CONTENT_TYPE_LBL"
                    description="MOD_AGMANAGER_CONTENT_TYPE_DESC">
                    <option value="blank">MOD_AGMANAGER_CUSTOM_CONTENT</option>
                    <option value="list">MOD_AGMANAGER_LIST</option>
                    <option value="item">MOD_AGMANAGER_ITEM</option>
                </field>
            </fieldset>
            <fieldset 
                name="blank_content" 
                label="MOD_AGMANAGER_CUSTOM_CONTENT_TAB_LBL"
                description="MOD_AGMANAGER_CUSTOM_CONTENT_TAB_DESC">
                <field 
                    name="html_content" type="editor" filter="safehtml"
                    label="MOD_AGMANAGER_HTML_LBL"
                    description="MOD_AGMANAGER_HTML_DESC" />
            </fieldset>
            <fieldset 
                name="list_content" 
                label="MOD_AGMANAGER_LIST_CONTENT_TAB_LBL"
                description="MOD_AGMANAGER_LIST_CONTENT_TAB_DESC">
                <field
                    name="table" type="list"
                    label="MOD_AGMANAGER_TABLE_LBL"
                    description="MOD_AGMANAGER_TABLE_DESC">
                    
	<option value="#__agmanager_crop_plan">#__agmanager_crop_plan</option>
	<option value="#__agmanager_seed">#__agmanager_seed</option>
	<option value="#__agmanager_fertilizer">#__agmanager_fertilizer</option>
	<option value="#__agmanager_chemical">#__agmanager_chemical</option>
	<option value="#__agmanager_seedsuppliers">#__agmanager_seedsuppliers</option>
	<option value="#__agmanager_livestock">#__agmanager_livestock</option>
	<option value="#__agmanager_owned_land">#__agmanager_owned_land</option>
	<option value="#__agmanager_leased_land">#__agmanager_leased_land</option>
	<option value="#__agmanager_building_quota">#__agmanager_building_quota</option>
	<option value="#__agmanager_bins">#__agmanager_bins</option>
	<option value="#__agmanager_machinery_equipment">#__agmanager_machinery_equipment</option>
	<option value="#__agmanager_debts">#__agmanager_debts</option>
	<option value="#__agmanager_finances_inflow">#__agmanager_finances_inflow</option>
	<option value="#__agmanager_finances_outflow">#__agmanager_finances_outflow</option>
	<option value="#__agmanager_finances_assets">#__agmanager_finances_assets</option>
	<option value="#__agmanager_accounts_payable_types">#__agmanager_accounts_payable_types</option>
	<option value="#__agmanager_payments_projection">#__agmanager_payments_projection</option>
                </field>
                <field 
                    name="field" type="groupedlist" default=""
                    label="MOD_AGMANAGER_FIELD_LBL"
                    description="MOD_AGMANAGER_FIELD_DESC">
                    
	<group label="#__agmanager_crop_plan">
		<option value="#__agmanager_crop_plan:id">id</option>
		<option value="#__agmanager_crop_plan:created_by">created_by</option>
		<option value="#__agmanager_crop_plan:modified_by">modified_by</option>
		<option value="#__agmanager_crop_plan:location_legal">location_legal</option>
		<option value="#__agmanager_crop_plan:location_acreage">location_acreage</option>
		<option value="#__agmanager_crop_plan:plan_crop">plan_crop</option>
		<option value="#__agmanager_crop_plan:plan_fertilizer">plan_fertilizer</option>
		<option value="#__agmanager_crop_plan:plan_chemical">plan_chemical</option>
		<option value="#__agmanager_crop_plan:cost_seed">cost_seed</option>
		<option value="#__agmanager_crop_plan:cost_fert">cost_fert</option>
		<option value="#__agmanager_crop_plan:cost_chem">cost_chem</option>
	</group>
	<group label="#__agmanager_seed">
		<option value="#__agmanager_seed:id">id</option>
		<option value="#__agmanager_seed:created_by">created_by</option>
		<option value="#__agmanager_seed:modified_by">modified_by</option>
		<option value="#__agmanager_seed:lft">lft</option>
		<option value="#__agmanager_seed:rgt">rgt</option>
		<option value="#__agmanager_seed:level">level</option>
		<option value="#__agmanager_seed:access">access</option>
		<option value="#__agmanager_seed:path">path</option>
		<option value="#__agmanager_seed:crop_type">crop_type</option>
		<option value="#__agmanager_seed:crop_cost">crop_cost</option>
		<option value="#__agmanager_seed:crop_per_acre">crop_per_acre</option>
		<option value="#__agmanager_seed:crop_quantity">crop_quantity</option>
		<option value="#__agmanager_seed:seed_supplier">seed_supplier</option>
	</group>
	<group label="#__agmanager_fertilizer">
		<option value="#__agmanager_fertilizer:id">id</option>
		<option value="#__agmanager_fertilizer:created_by">created_by</option>
		<option value="#__agmanager_fertilizer:modified_by">modified_by</option>
		<option value="#__agmanager_fertilizer:lft">lft</option>
		<option value="#__agmanager_fertilizer:rgt">rgt</option>
		<option value="#__agmanager_fertilizer:level">level</option>
		<option value="#__agmanager_fertilizer:access">access</option>
		<option value="#__agmanager_fertilizer:path">path</option>
		<option value="#__agmanager_fertilizer:fert_type">fert_type</option>
		<option value="#__agmanager_fertilizer:fert_cost">fert_cost</option>
		<option value="#__agmanager_fertilizer:fert_per_acre">fert_per_acre</option>
		<option value="#__agmanager_fertilizer:fert_quantity">fert_quantity</option>
	</group>
	<group label="#__agmanager_chemical">
		<option value="#__agmanager_chemical:id">id</option>
		<option value="#__agmanager_chemical:created_by">created_by</option>
		<option value="#__agmanager_chemical:modified_by">modified_by</option>
		<option value="#__agmanager_chemical:lft">lft</option>
		<option value="#__agmanager_chemical:rgt">rgt</option>
		<option value="#__agmanager_chemical:level">level</option>
		<option value="#__agmanager_chemical:access">access</option>
		<option value="#__agmanager_chemical:path">path</option>
		<option value="#__agmanager_chemical:chem_type">chem_type</option>
		<option value="#__agmanager_chemical:chem_quantity">chem_quantity</option>
		<option value="#__agmanager_chemical:chem_cost">chem_cost</option>
		<option value="#__agmanager_chemical:chem_per_acre">chem_per_acre</option>
	</group>
	<group label="#__agmanager_seedsuppliers">
		<option value="#__agmanager_seedsuppliers:id">id</option>
		<option value="#__agmanager_seedsuppliers:created_by">created_by</option>
		<option value="#__agmanager_seedsuppliers:modified_by">modified_by</option>
		<option value="#__agmanager_seedsuppliers:suppliername">suppliername</option>
	</group>
	<group label="#__agmanager_livestock">
		<option value="#__agmanager_livestock:id">id</option>
		<option value="#__agmanager_livestock:created_by">created_by</option>
		<option value="#__agmanager_livestock:modified_by">modified_by</option>
		<option value="#__agmanager_livestock:livestock_category">livestock_category</option>
		<option value="#__agmanager_livestock:tag_number">tag_number</option>
		<option value="#__agmanager_livestock:transin_date">transin_date</option>
		<option value="#__agmanager_livestock:transin_mode">transin_mode</option>
		<option value="#__agmanager_livestock:transin_weight">transin_weight</option>
		<option value="#__agmanager_livestock:transout_mode">transout_mode</option>
		<option value="#__agmanager_livestock:transout_date">transout_date</option>
		<option value="#__agmanager_livestock:transout_weight">transout_weight</option>
		<option value="#__agmanager_livestock:purchase_price">purchase_price</option>
		<option value="#__agmanager_livestock:sale_price">sale_price</option>
	</group>
	<group label="#__agmanager_owned_land">
		<option value="#__agmanager_owned_land:id">id</option>
		<option value="#__agmanager_owned_land:created_by">created_by</option>
		<option value="#__agmanager_owned_land:modified_by">modified_by</option>
		<option value="#__agmanager_owned_land:legal_description">legal_description</option>
		<option value="#__agmanager_owned_land:owner">owner</option>
		<option value="#__agmanager_owned_land:total_acreage">total_acreage</option>
		<option value="#__agmanager_owned_land:year_acquired">year_acquired</option>
		<option value="#__agmanager_owned_land:purchase_price">purchase_price</option>
		<option value="#__agmanager_owned_land:assessed_value">assessed_value</option>
		<option value="#__agmanager_owned_land:farmq">farmq</option>
		<option value="#__agmanager_owned_land:cultivated_acreage">cultivated_acreage</option>
		<option value="#__agmanager_owned_land:market_value">market_value</option>
		<option value="#__agmanager_owned_land:encumbrance">encumbrance</option>
		<option value="#__agmanager_owned_land:purchases">purchases</option>
		<option value="#__agmanager_owned_land:sales">sales</option>
		<option value="#__agmanager_owned_land:asset_gainloss">asset_gainloss</option>
		<option value="#__agmanager_owned_land:owned_leased">owned_leased</option>
		<option value="#__agmanager_owned_land:lease_years_remaining">lease_years_remaining</option>
		<option value="#__agmanager_owned_land:lease_expiration">lease_expiration</option>
	</group>
	<group label="#__agmanager_leased_land">
		<option value="#__agmanager_leased_land:id">id</option>
		<option value="#__agmanager_leased_land:created_by">created_by</option>
		<option value="#__agmanager_leased_land:modified_by">modified_by</option>
		<option value="#__agmanager_leased_land:farmq_options">farmq_options</option>
		<option value="#__agmanager_leased_land:legal_description">legal_description</option>
		<option value="#__agmanager_leased_land:owner">owner</option>
		<option value="#__agmanager_leased_land:total_acreage">total_acreage</option>
		<option value="#__agmanager_leased_land:year_acquired">year_acquired</option>
		<option value="#__agmanager_leased_land:purchase_price">purchase_price</option>
		<option value="#__agmanager_leased_land:assessed_value">assessed_value</option>
		<option value="#__agmanager_leased_land:farmq">farmq</option>
		<option value="#__agmanager_leased_land:cultivated_acreage">cultivated_acreage</option>
		<option value="#__agmanager_leased_land:market_value">market_value</option>
		<option value="#__agmanager_leased_land:encumbrance">encumbrance</option>
		<option value="#__agmanager_leased_land:purchases">purchases</option>
		<option value="#__agmanager_leased_land:sales">sales</option>
		<option value="#__agmanager_leased_land:asset_gainloss">asset_gainloss</option>
	</group>
	<group label="#__agmanager_building_quota">
		<option value="#__agmanager_building_quota:id">id</option>
		<option value="#__agmanager_building_quota:created_by">created_by</option>
		<option value="#__agmanager_building_quota:modified_by">modified_by</option>
		<option value="#__agmanager_building_quota:name">name</option>
		<option value="#__agmanager_building_quota:construction_date">construction_date</option>
		<option value="#__agmanager_building_quota:location">location</option>
		<option value="#__agmanager_building_quota:assessed_value">assessed_value</option>
		<option value="#__agmanager_building_quota:year_acquired">year_acquired</option>
		<option value="#__agmanager_building_quota:market_value">market_value</option>
		<option value="#__agmanager_building_quota:purchases">purchases</option>
		<option value="#__agmanager_building_quota:sales">sales</option>
		<option value="#__agmanager_building_quota:asset_gainloss">asset_gainloss</option>
		<option value="#__agmanager_building_quota:condition">condition</option>
		<option value="#__agmanager_building_quota:maintenance">maintenance</option>
		<option value="#__agmanager_building_quota:comments">comments</option>
		<option value="#__agmanager_building_quota:attachments">attachments</option>
		<option value="#__agmanager_building_quota:maintenance_frequency">maintenance_frequency</option>
	</group>
	<group label="#__agmanager_bins">
		<option value="#__agmanager_bins:id">id</option>
		<option value="#__agmanager_bins:created_by">created_by</option>
		<option value="#__agmanager_bins:modified_by">modified_by</option>
		<option value="#__agmanager_bins:description">description</option>
		<option value="#__agmanager_bins:construction_date">construction_date</option>
		<option value="#__agmanager_bins:quantity">quantity</option>
		<option value="#__agmanager_bins:capacity_per_unit">capacity_per_unit</option>
		<option value="#__agmanager_bins:total_capacity">total_capacity</option>
		<option value="#__agmanager_bins:market_value">market_value</option>
		<option value="#__agmanager_bins:purchases">purchases</option>
		<option value="#__agmanager_bins:sales">sales</option>
		<option value="#__agmanager_bins:asset_gainloss">asset_gainloss</option>
		<option value="#__agmanager_bins:condition">condition</option>
		<option value="#__agmanager_bins:maintenance">maintenance</option>
		<option value="#__agmanager_bins:comments">comments</option>
		<option value="#__agmanager_bins:attachments">attachments</option>
		<option value="#__agmanager_bins:maintenance_frequency">maintenance_frequency</option>
	</group>
	<group label="#__agmanager_machinery_equipment">
		<option value="#__agmanager_machinery_equipment:id">id</option>
		<option value="#__agmanager_machinery_equipment:created_by">created_by</option>
		<option value="#__agmanager_machinery_equipment:modified_by">modified_by</option>
		<option value="#__agmanager_machinery_equipment:unit">unit</option>
		<option value="#__agmanager_machinery_equipment:make">make</option>
		<option value="#__agmanager_machinery_equipment:model">model</option>
		<option value="#__agmanager_machinery_equipment:manufacture_date">manufacture_date</option>
		<option value="#__agmanager_machinery_equipment:purchase_date">purchase_date</option>
		<option value="#__agmanager_machinery_equipment:market_value">market_value</option>
		<option value="#__agmanager_machinery_equipment:purchases">purchases</option>
		<option value="#__agmanager_machinery_equipment:sales">sales</option>
		<option value="#__agmanager_machinery_equipment:asset_gainloss">asset_gainloss</option>
		<option value="#__agmanager_machinery_equipment:condition">condition</option>
		<option value="#__agmanager_machinery_equipment:maintenance">maintenance</option>
		<option value="#__agmanager_machinery_equipment:comments">comments</option>
		<option value="#__agmanager_machinery_equipment:attachments">attachments</option>
		<option value="#__agmanager_machinery_equipment:purchase_price">purchase_price</option>
		<option value="#__agmanager_machinery_equipment:maintenance_frequency">maintenance_frequency</option>
	</group>
	<group label="#__agmanager_debts">
		<option value="#__agmanager_debts:id">id</option>
		<option value="#__agmanager_debts:created_by">created_by</option>
		<option value="#__agmanager_debts:modified_by">modified_by</option>
		<option value="#__agmanager_debts:type">type</option>
		<option value="#__agmanager_debts:original_date">original_date</option>
		<option value="#__agmanager_debts:original_amount">original_amount</option>
		<option value="#__agmanager_debts:principal_loan">principal_loan</option>
		<option value="#__agmanager_debts:years_remaining">years_remaining</option>
		<option value="#__agmanager_debts:annual_rent">annual_rent</option>
		<option value="#__agmanager_debts:accrued_interest">accrued_interest</option>
		<option value="#__agmanager_debts:arrears">arrears</option>
		<option value="#__agmanager_debts:total_amount_outstanding">total_amount_outstanding</option>
		<option value="#__agmanager_debts:payment_date">payment_date</option>
		<option value="#__agmanager_debts:crop_share">crop_share</option>
		<option value="#__agmanager_debts:lease_terms">lease_terms</option>
	</group>
	<group label="#__agmanager_finances_inflow">
		<option value="#__agmanager_finances_inflow:id">id</option>
		<option value="#__agmanager_finances_inflow:created_by">created_by</option>
		<option value="#__agmanager_finances_inflow:modified_by">modified_by</option>
		<option value="#__agmanager_finances_inflow:custom_work">custom_work</option>
		<option value="#__agmanager_finances_inflow:accounts_receivable">accounts_receivable</option>
		<option value="#__agmanager_finances_inflow:other_farm_income">other_farm_income</option>
		<option value="#__agmanager_finances_inflow:new_cash_advance">new_cash_advance</option>
		<option value="#__agmanager_finances_inflow:new_term_borrowings">new_term_borrowings</option>
		<option value="#__agmanager_finances_inflow:other_asset_sales">other_asset_sales</option>
		<option value="#__agmanager_finances_inflow:off_farm_income">off_farm_income</option>
		<option value="#__agmanager_finances_inflow:cash_contributions">cash_contributions</option>
		<option value="#__agmanager_finances_inflow:crop_sales">crop_sales</option>
		<option value="#__agmanager_finances_inflow:breedinglivestocksales">breedinglivestocksales</option>
		<option value="#__agmanager_finances_inflow:market_livestock_sales">market_livestock_sales</option>
		<option value="#__agmanager_finances_inflow:livestock_products">livestock_products</option>
		<option value="#__agmanager_finances_inflow:capital_land_sales">capital_land_sales</option>
		<option value="#__agmanager_finances_inflow:capital_machinebuilding_sales">capital_machinebuilding_sales</option>
	</group>
	<group label="#__agmanager_finances_outflow">
		<option value="#__agmanager_finances_outflow:id">id</option>
		<option value="#__agmanager_finances_outflow:created_by">created_by</option>
		<option value="#__agmanager_finances_outflow:modified_by">modified_by</option>
		<option value="#__agmanager_finances_outflow:grainhay_purchases">grainhay_purchases</option>
		<option value="#__agmanager_finances_outflow:commercial_feed_purchases">commercial_feed_purchases</option>
		<option value="#__agmanager_finances_outflow:salt">salt</option>
		<option value="#__agmanager_finances_outflow:minerals">minerals</option>
		<option value="#__agmanager_finances_outflow:vitamins">vitamins</option>
		<option value="#__agmanager_finances_outflow:pasture_rent">pasture_rent</option>
		<option value="#__agmanager_finances_outflow:containers_twine">containers_twine</option>
		<option value="#__agmanager_finances_outflow:breeding_fees">breeding_fees</option>
		<option value="#__agmanager_finances_outflow:vet_fees">vet_fees</option>
		<option value="#__agmanager_finances_outflow:drugs">drugs</option>
		<option value="#__agmanager_finances_outflow:breeding_stock_purchases">breeding_stock_purchases</option>
		<option value="#__agmanager_finances_outflow:market_stock_purchases">market_stock_purchases</option>
		<option value="#__agmanager_finances_outflow:marketing_charges">marketing_charges</option>
		<option value="#__agmanager_finances_outflow:other_livestock_expenses">other_livestock_expenses</option>
		<option value="#__agmanager_finances_outflow:seed_purchases">seed_purchases</option>
		<option value="#__agmanager_finances_outflow:seed_cleaning">seed_cleaning</option>
		<option value="#__agmanager_finances_outflow:seed_treatment">seed_treatment</option>
		<option value="#__agmanager_finances_outflow:fertilizer">fertilizer</option>
		<option value="#__agmanager_finances_outflow:chemicals">chemicals</option>
		<option value="#__agmanager_finances_outflow:hailcrop_insurance">hailcrop_insurance</option>
		<option value="#__agmanager_finances_outflow:other_crop_expenses">other_crop_expenses</option>
		<option value="#__agmanager_finances_outflow:property_tax">property_tax</option>
		<option value="#__agmanager_finances_outflow:capital_land_purchases">capital_land_purchases</option>
		<option value="#__agmanager_finances_outflow:new_lease_payments">new_lease_payments</option>
		<option value="#__agmanager_finances_outflow:existing_lease_payments">existing_lease_payments</option>
		<option value="#__agmanager_finances_outflow:annual_cash_rent_leased_land">annual_cash_rent_leased_land</option>
		<option value="#__agmanager_finances_outflow:fuel">fuel</option>
		<option value="#__agmanager_finances_outflow:oil">oil</option>
		<option value="#__agmanager_finances_outflow:grease">grease</option>
		<option value="#__agmanager_finances_outflow:equipment_repair">equipment_repair</option>
		<option value="#__agmanager_finances_outflow:shop_supplies">shop_supplies</option>
		<option value="#__agmanager_finances_outflow:small_tools">small_tools</option>
		<option value="#__agmanager_finances_outflow:building_insurance">building_insurance</option>
		<option value="#__agmanager_finances_outflow:building_repairs">building_repairs</option>
		<option value="#__agmanager_finances_outflow:fence_repairs">fence_repairs</option>
		<option value="#__agmanager_finances_outflow:vehicle_registrationinsurance">vehicle_registrationinsurance</option>
		<option value="#__agmanager_finances_outflow:capital_machinesbuildings_purchases">capital_machinesbuildings_purchases</option>
		<option value="#__agmanager_finances_outflow:professional_fees">professional_fees</option>
		<option value="#__agmanager_finances_outflow:custom_work">custom_work</option>
		<option value="#__agmanager_finances_outflow:hydrotelephone">hydrotelephone</option>
		<option value="#__agmanager_finances_outflow:hired_labour">hired_labour</option>
		<option value="#__agmanager_finances_outflow:office_expenses">office_expenses</option>
		<option value="#__agmanager_finances_outflow:other_assetinvestment_purchases">other_assetinvestment_purchases</option>
		<option value="#__agmanager_finances_outflow:other_farm_expenses">other_farm_expenses</option>
		<option value="#__agmanager_finances_outflow:living_expenses">living_expenses</option>
		<option value="#__agmanager_finances_outflow:income_tax">income_tax</option>
		<option value="#__agmanager_finances_outflow:life_insurance">life_insurance</option>
		<option value="#__agmanager_finances_outflow:cash_withdrawals">cash_withdrawals</option>
		<option value="#__agmanager_finances_outflow:accounts_payable">accounts_payable</option>
		<option value="#__agmanager_finances_outflow:repayment_cash_advance_principal">repayment_cash_advance_principal</option>
		<option value="#__agmanager_finances_outflow:repayment_cash_advance_interest">repayment_cash_advance_interest</option>
		<option value="#__agmanager_finances_outflow:arrears_payment">arrears_payment</option>
		<option value="#__agmanager_finances_outflow:term_loan_payment_principal">term_loan_payment_principal</option>
		<option value="#__agmanager_finances_outflow:term_loan_payment_interest">term_loan_payment_interest</option>
	</group>
	<group label="#__agmanager_finances_assets">
		<option value="#__agmanager_finances_assets:id">id</option>
		<option value="#__agmanager_finances_assets:created_by">created_by</option>
		<option value="#__agmanager_finances_assets:modified_by">modified_by</option>
		<option value="#__agmanager_finances_assets:cash_on_hand">cash_on_hand</option>
		<option value="#__agmanager_finances_assets:accounts_receivable">accounts_receivable</option>
		<option value="#__agmanager_finances_assets:market_livestock">market_livestock</option>
		<option value="#__agmanager_finances_assets:grain">grain</option>
		<option value="#__agmanager_finances_assets:farm_supplies">farm_supplies</option>
		<option value="#__agmanager_finances_assets:investment_growing_crops">investment_growing_crops</option>
	</group>
	<group label="#__agmanager_accounts_payable_types">
		<option value="#__agmanager_accounts_payable_types:id">id</option>
		<option value="#__agmanager_accounts_payable_types:created_by">created_by</option>
		<option value="#__agmanager_accounts_payable_types:modified_by">modified_by</option>
		<option value="#__agmanager_accounts_payable_types:account_type">account_type</option>
	</group>
	<group label="#__agmanager_payments_projection">
		<option value="#__agmanager_payments_projection:id">id</option>
		<option value="#__agmanager_payments_projection:created_by">created_by</option>
		<option value="#__agmanager_payments_projection:modified_by">modified_by</option>
		<option value="#__agmanager_payments_projection:annual_interest_payment">annual_interest_payment</option>
		<option value="#__agmanager_payments_projection:first_interest_duedate">first_interest_duedate</option>
		<option value="#__agmanager_payments_projection:principal_payment_increment">principal_payment_increment</option>
		<option value="#__agmanager_payments_projection:first_principle_due">first_principle_due</option>
		<option value="#__agmanager_payments_projection:annual_arrears_payment">annual_arrears_payment</option>
		<option value="#__agmanager_payments_projection:final_interest_date">final_interest_date</option>
		<option value="#__agmanager_payments_projection:projected_interest_yearend">projected_interest_yearend</option>
	</group>
                </field>
                <field 
                    name="offset" type="text" default="0" filter="uint" class="input-small"
                    label="MOD_AGMANAGER_OFFSET_LBL"
                    description="MOD_AGMANAGER_OFFSET_DESC" />
                <field 
                    name="limit" type="text" default="10" filter="uint" class="input-small"
                    label="MOD_AGMANAGER_LIMIT_LBL"
                    description="MOD_AGMANAGER_LIMIT_DESC" />
            </fieldset>
            <fieldset 
                name="item_content" 
                label="MOD_AGMANAGER_ITEM_CONTENT_TAB"
                description="MOD_AGMANAGER_ITEM_CONTENT_TAB_DESC">
                <field
                    name="item_table" type="list"
                    label="MOD_AGMANAGER_TABLE_LBL"
                    description="MOD_AGMANAGER_TABLE_DESC">
                    
	<option value="#__agmanager_crop_plan">#__agmanager_crop_plan</option>
	<option value="#__agmanager_seed">#__agmanager_seed</option>
	<option value="#__agmanager_fertilizer">#__agmanager_fertilizer</option>
	<option value="#__agmanager_chemical">#__agmanager_chemical</option>
	<option value="#__agmanager_seedsuppliers">#__agmanager_seedsuppliers</option>
	<option value="#__agmanager_livestock">#__agmanager_livestock</option>
	<option value="#__agmanager_owned_land">#__agmanager_owned_land</option>
	<option value="#__agmanager_leased_land">#__agmanager_leased_land</option>
	<option value="#__agmanager_building_quota">#__agmanager_building_quota</option>
	<option value="#__agmanager_bins">#__agmanager_bins</option>
	<option value="#__agmanager_machinery_equipment">#__agmanager_machinery_equipment</option>
	<option value="#__agmanager_debts">#__agmanager_debts</option>
	<option value="#__agmanager_finances_inflow">#__agmanager_finances_inflow</option>
	<option value="#__agmanager_finances_outflow">#__agmanager_finances_outflow</option>
	<option value="#__agmanager_finances_assets">#__agmanager_finances_assets</option>
	<option value="#__agmanager_accounts_payable_types">#__agmanager_accounts_payable_types</option>
	<option value="#__agmanager_payments_projection">#__agmanager_payments_projection</option>
                </field>
                <field 
                    name="item_id" type="text" filter="uint" class="input-small"
                    label="MOD_AGMANAGER_ITEM_ID_LBL"
                    description="MOD_AGMANAGER_ITEM_ID_DESC"
                />
            </fieldset>
        </fields>
    </config>
</extension>
